Word,Count
and,1137
the,1010
of,760
to,422
in,389
will,301
a,270
course,220
this,218
we,205
as,152
on,151
how,135
is,119
with,107
that,105
from,97
for,92
students,90
are,85
an,77
be,74
s,73
what,65
their,62
or,62
topics,60
it,60
explore,56
by,56
include,54
study,49
these,47
including,46
have,45
about,40
writing,40
through,39
other,38
also,36
work,36
both,35
such,35
life,34
class,34
examine,33
more,32
our,30
but,30
they,30
all,30
data,29
people,29
at,29
focus,28
which,27
use,26
has,26
do,26
variety,25
one,25
consider,24
learn,24
skills,24
who,24
methods,23
can,23
design,23
not,23
introduction,23
using,23
ways,23
between,23
understanding,23
its,23
used,22
techniques,22
development,21
you,21
well,21
questions,21
develop,20
did,20
theory,20
while,20
basic,20
studies,19
role,19
understand,19
different,19
when,19
reading,19
some,18
emphasis,17
focuses,17
into,16
recent,16
past,16
them,16
analyze,16
practices,16
two,16
issues,16
readings,16
explores,15
models,15
field,15
complex,15
range,15
learning,15
ll,15
various,15
present,14
most,14
u,14
within,14
others,14
over,14
applications,14
current,14
first,14
knowledge,14
term,13
based,13
examines,13
student,13
texts,13
taken,13
each,13
introduces,12
structure,12
particular,12
concepts,12
should,12
your,12
there,12
required,12
form,12
middle,12
better,12
does,12
individual,12
new,12
own,12
like,12
may,11
popular,11
so,11
way,11
throughout,11
"""",11